name,scholarly_or_official_url,license,access_date,resource_type,acquisition_method,integration_mode,supported_claim,internals_modified
Noisy Matrix Decomposition via Convex Relaxation: Optimal Rates in High Dimensions,https://doi.org/10.1214/12-AOS1000,Publication rights retained by source; no PDF/code redistribution,2026-09-16,scholarly article,"publisher record, archival full text, and bibliographic metadata inspected; no upstream code",bibliographic landscape positioning and attributed scope comparison; no upstream code,related-work taxonomy: agarwal2012; gross corruption and low-rank-plus-sparse recovery,no
Identifiability of Parameters in Latent Structure Models with Many Observed Variables,https://doi.org/10.1214/09-AOS689,Publication rights retained by source; no PDF/code redistribution,2026-09-11,scholarly article,publisher or archival bibliographic record and abstract inspected; no upstream code,bibliographic landscape positioning and attributed scope comparison; no upstream code,related-work taxonomy: allman2009; CP/odeco identifiability and algebraic structure,no
A Method of Moments for Mixture Models and Hidden Markov Models,https://proceedings.mlr.press/v23/anandkumar12.html,Publication rights retained by source; no PDF/code redistribution,2026-09-11,scholarly article,publisher or archival bibliographic record and abstract inspected; no upstream code,bibliographic landscape positioning and attributed scope comparison; no upstream code,"related-work taxonomy: anandkumar2012; latent-variable moments, spectral learning, and ICA",no
Tensor Decompositions for Learning Latent Variable Models,https://jmlr.org/papers/v15/anandkumar14b.html,Publication rights retained by source; no PDF/code redistribution,2026-09-11,scholarly article,publisher or archival full text; bibliographic record and relevant model/theorem passages inspected,attributed mathematical comparison and bibliographic positioning; no upstream code,"closest-work or known-result attribution: anandkumar2014; latent-variable moments, spectral learning, and ICA",no
Tensor vs. Matrix Methods: Robust Tensor Decomposition under Block Sparse Perturbations,https://proceedings.mlr.press/v51/anandkumar16.html,Publication rights retained by source; no PDF/code redistribution,2026-09-11,scholarly article,publisher or archival full text; bibliographic record and relevant model/theorem passages inspected,attributed mathematical comparison and bibliographic positioning; no upstream code,closest-work or known-result attribution: anandkumar2016; gross corruption and low-rank-plus-sparse recovery,no
Dimensions of Higher Order Factor Analysis Models,https://doi.org/10.2140/astat.2023.14.91,Publication rights retained by source; no PDF/code redistribution,2026-09-11,scholarly article,publisher or archival full text; bibliographic record and relevant model/theorem passages inspected,attributed mathematical comparison and bibliographic positioning; no upstream code,closest-work or known-result attribution: ardiyansyah2023; higher-order factor analysis and diagonal cumulant noise,no
"Provable ICA with Unknown Gaussian Noise, and Implications for Gaussian Mixtures and Autoencoders",https://doi.org/10.1007/s00453-015-9972-2,Publication rights retained by source; no PDF/code redistribution,2026-09-11,scholarly article,publisher or archival bibliographic record and abstract inspected; no upstream code,bibliographic landscape positioning and attributed scope comparison; no upstream code,"related-work taxonomy: arora2015; latent-variable moments, spectral learning, and ICA",no
Fundamental Conditions for Low-CP-Rank Tensor Completion,https://jmlr.org/papers/v18/17-189.html,Publication rights retained by source; no PDF/code redistribution,2026-09-11,scholarly article,publisher or archival full text; bibliographic record and relevant model/theorem passages inspected,attributed mathematical comparison and bibliographic positioning; no upstream code,closest-work or known-result attribution: ashraphijuo2017; tensor completion and low-rank estimation,no
Perturbation Bounds for (Nearly) Orthogonally Decomposable Tensors with Statistical Applications,https://doi.org/10.1093/imaiai/iaac033,Publication rights retained by source; no PDF/code redistribution,2026-09-16,scholarly article,"publisher full text, abstract, theorem statement, and bibliographic record inspected; no upstream code",attributed mathematical comparison and bibliographic positioning; no upstream code,closest-work or known-result attribution: auddy2023; deterministic perturbation bounds for odeco singular values and vectors,no
Noisy Tensor Completion via the Sum-of-Squares Hierarchy,https://proceedings.mlr.press/v49/barak16.html,Publication rights retained by source; no PDF/code redistribution,2026-09-11,scholarly article,publisher or archival bibliographic record and abstract inspected; no upstream code,bibliographic landscape positioning and attributed scope comparison; no upstream code,related-work taxonomy: barak2016; tensor completion and low-rank estimation,no
Blind Signal Separation in the Presence of Gaussian Noise,https://proceedings.mlr.press/v30/Belkin13.html,Publication rights retained by source; no PDF/code redistribution,2026-09-11,scholarly article,publisher or archival bibliographic record and abstract inspected; no upstream code,bibliographic landscape positioning and attributed scope comparison; no upstream code,"related-work taxonomy: belkin2013; latent-variable moments, spectral learning, and ICA",no
Uniqueness of Tensor Decompositions with Applications to Polynomial Identifiability,https://proceedings.mlr.press/v35/bhaskara14a.html,Publication rights retained by source; no PDF/code redistribution,2026-09-11,scholarly article,publisher or archival full text; bibliographic record and relevant model/theorem passages inspected,attributed mathematical comparison and bibliographic positioning; no upstream code,closest-work or known-result attribution: bhaskara2014; CP/odeco identifiability and algebraic structure,no
Orthogonal and Unitary Tensor Decomposition from an Algebraic Perspective,https://doi.org/10.1007/s11856-017-1588-6,Publication rights retained by source; no PDF/code redistribution,2026-09-11,scholarly article,publisher or archival full text; bibliographic record and relevant model/theorem passages inspected,attributed mathematical comparison and bibliographic positioning; no upstream code,closest-work or known-result attribution: boralevi2017; CP/odeco identifiability and algebraic structure,no
Exact Matrix Completion via Convex Optimization,https://doi.org/10.1007/s10208-009-9045-5,Publication rights retained by source; no PDF/code redistribution,2026-09-11,scholarly article,publisher or archival bibliographic record and abstract inspected; no upstream code,bibliographic landscape positioning and attributed scope comparison; no upstream code,related-work taxonomy: candesrecht2009; matrix-completion baseline and fixed-pattern comparison,no
Matrix Completion With Noise,https://doi.org/10.1109/JPROC.2009.2035722,Publication rights retained by source; no PDF/code redistribution,2026-09-11,scholarly article,publisher or archival bibliographic record and abstract inspected; no upstream code,bibliographic landscape positioning and attributed scope comparison; no upstream code,related-work taxonomy: candesplan2010; matrix-completion baseline and fixed-pattern comparison,no
The Power of Convex Relaxation: Near-Optimal Matrix Completion,https://doi.org/10.1109/TIT.2010.2044061,Publication rights retained by source; no PDF/code redistribution,2026-09-11,scholarly article,publisher or archival bibliographic record and abstract inspected; no upstream code,bibliographic landscape positioning and attributed scope comparison; no upstream code,related-work taxonomy: candestao2010; matrix-completion baseline and fixed-pattern comparison,no
Robust Principal Component Analysis?,https://doi.org/10.1145/1970392.1970395,Publication rights retained by source; no PDF/code redistribution,2026-09-11,scholarly article,publisher or archival bibliographic record and abstract inspected; no upstream code,bibliographic landscape positioning and attributed scope comparison; no upstream code,related-work taxonomy: candes2011; gross corruption and low-rank-plus-sparse recovery,no
Rank-Sparsity Incoherence for Matrix Decomposition,https://doi.org/10.1137/090761793,Publication rights retained by source; no PDF/code redistribution,2026-09-11,scholarly article,publisher or archival bibliographic record and abstract inspected; no upstream code,bibliographic landscape positioning and attributed scope comparison; no upstream code,related-work taxonomy: chandrasekaran2011; gross corruption and low-rank-plus-sparse recovery,no
Low-Rank Matrix Recovery from Errors and Erasures,https://doi.org/10.1109/TIT.2013.2249572,Publication rights retained by source; no PDF/code redistribution,2026-09-11,scholarly article,publisher or archival bibliographic record and abstract inspected; no upstream code,bibliographic landscape positioning and attributed scope comparison; no upstream code,related-work taxonomy: chen2013; gross corruption and low-rank-plus-sparse recovery,no
On Generic Identifiability of 3-Tensors of Small Rank,https://doi.org/10.1137/110829180,Publication rights retained by source; no PDF/code redistribution,2026-09-11,scholarly article,publisher or archival bibliographic record and abstract inspected; no upstream code,bibliographic landscape positioning and attributed scope comparison; no upstream code,related-work taxonomy: chiantini2012; CP/odeco identifiability and algebraic structure,no
An Algorithm for Generic and Low-Rank Specific Identifiability of Complex Tensors,https://doi.org/10.1137/140961389,Publication rights retained by source; no PDF/code redistribution,2026-09-11,scholarly article,publisher or archival bibliographic record and abstract inspected; no upstream code,bibliographic landscape positioning and attributed scope comparison; no upstream code,related-work taxonomy: chiantini2014; CP/odeco identifiability and algebraic structure,no
Effective Criteria for Specific Identifiability of Tensors and Forms,https://doi.org/10.1137/16M1090132,Publication rights retained by source; no PDF/code redistribution,2026-09-11,scholarly article,publisher or archival bibliographic record and abstract inspected; no upstream code,bibliographic landscape positioning and attributed scope comparison; no upstream code,related-work taxonomy: chiantini2017; CP/odeco identifiability and algebraic structure,no
"Independent Component Analysis, a New Concept?",https://doi.org/10.1016/0165-1684(94)90029-9,Publication rights retained by source; no PDF/code redistribution,2026-09-11,scholarly article,publisher or archival bibliographic record and abstract inspected; no upstream code,bibliographic landscape positioning and attributed scope comparison; no upstream code,"related-work taxonomy: comon1994; latent-variable moments, spectral learning, and ICA",no
Symmetric Tensors and Symmetric Tensor Rank,https://doi.org/10.1137/060661569,Publication rights retained by source; no PDF/code redistribution,2026-09-11,scholarly article,publisher or archival bibliographic record and abstract inspected; no upstream code,bibliographic landscape positioning and attributed scope comparison; no upstream code,related-work taxonomy: comon2008; CP/odeco identifiability and algebraic structure,no
A Link between the Canonical Decomposition in Multilinear Algebra and Simultaneous Matrix Diagonalization,https://doi.org/10.1137/040608830,Publication rights retained by source; no PDF/code redistribution,2026-09-11,scholarly article,publisher or archival bibliographic record and abstract inspected; no upstream code,bibliographic landscape positioning and attributed scope comparison; no upstream code,related-work taxonomy: delathauwer2006; CP/odeco identifiability and algebraic structure,no
On the Uniqueness of the Canonical Polyadic Decomposition of Third-Order Tensors---Part I: Basic Results and Uniqueness of One Factor Matrix,https://doi.org/10.1137/120877234,Publication rights retained by source; no PDF/code redistribution,2026-09-11,scholarly article,publisher or archival bibliographic record and abstract inspected; no upstream code,bibliographic landscape positioning and attributed scope comparison; no upstream code,related-work taxonomy: domanov2013a; CP/odeco identifiability and algebraic structure,no
On the Uniqueness of the Canonical Polyadic Decomposition of Third-Order Tensors---Part II: Uniqueness of the Overall Decomposition,https://doi.org/10.1137/120877258,Publication rights retained by source; no PDF/code redistribution,2026-09-11,scholarly article,publisher or archival bibliographic record and abstract inspected; no upstream code,bibliographic landscape positioning and attributed scope comparison; no upstream code,related-work taxonomy: domanov2013b; CP/odeco identifiability and algebraic structure,no
Tensor Completion and Low-$n$-Rank Tensor Recovery via Convex Optimization,https://doi.org/10.1088/0266-5611/27/2/025010,Publication rights retained by source; no PDF/code redistribution,2026-09-11,scholarly article,publisher or archival bibliographic record and abstract inspected; no upstream code,bibliographic landscape positioning and attributed scope comparison; no upstream code,related-work taxonomy: gandy2011; tensor completion and low-rank estimation,no
Robust Low-Rank Tensor Recovery: Models and Algorithms,https://doi.org/10.1137/130905010,Publication rights retained by source; no PDF/code redistribution,2026-09-11,scholarly article,publisher or archival bibliographic record and abstract inspected; no upstream code,bibliographic landscape positioning and attributed scope comparison; no upstream code,related-work taxonomy: goldfarb2014; gross corruption and low-rank-plus-sparse recovery,no
Tensor Deli: Tensor Completion for Low CP-Rank Tensors via Random Sampling,https://arxiv.org/abs/2403.09932,Publication rights retained by source; no PDF/code redistribution,2026-09-11,scholarly article,publisher or archival full text; bibliographic record and relevant model/theorem passages inspected,attributed mathematical comparison and bibliographic positioning; no upstream code,closest-work or known-result attribution: haselby2024; tensor completion and low-rank estimation,no
A Spectral Algorithm for Learning Hidden Markov Models,https://doi.org/10.1016/j.jcss.2011.12.025,Publication rights retained by source; no PDF/code redistribution,2026-09-11,scholarly article,publisher or archival bibliographic record and abstract inspected; no upstream code,bibliographic landscape positioning and attributed scope comparison; no upstream code,"related-work taxonomy: hsu2012; latent-variable moments, spectral learning, and ICA",no
Learning Mixtures of Spherical Gaussians: Moment Methods and Spectral Decompositions,https://doi.org/10.1145/2422436.2422439,Publication rights retained by source; no PDF/code redistribution,2026-09-11,scholarly article,publisher or archival bibliographic record and abstract inspected; no upstream code,bibliographic landscape positioning and attributed scope comparison; no upstream code,"related-work taxonomy: hsukakade2013; latent-variable moments, spectral learning, and ICA",no
Provable Tensor Factorization with Missing Data,https://proceedings.neurips.cc/paper/2014/hash/81e5f81db77c596492e6f1a5a792ed53-Abstract.html,Publication rights retained by source; no PDF/code redistribution,2026-09-11,scholarly article,publisher or archival bibliographic record and abstract inspected; no upstream code,bibliographic landscape positioning and attributed scope comparison; no upstream code,related-work taxonomy: jain2014; tensor completion and low-rank estimation,no
Spectral Learning on Matrices and Tensors,https://doi.org/10.1561/2200000057,Publication rights retained by source; no PDF/code redistribution,2026-09-11,scholarly article,publisher or archival bibliographic record and abstract inspected; no upstream code,bibliographic landscape positioning and attributed scope comparison; no upstream code,"related-work taxonomy: janzamin2019; latent-variable moments, spectral learning, and ICA",no
The Geometry of Rank-One Tensor Completion,https://doi.org/10.1137/16M1074102,Publication rights retained by source; no PDF/code redistribution,2026-09-11,scholarly article,publisher or archival bibliographic record and abstract inspected; no upstream code,bibliographic landscape positioning and attributed scope comparison; no upstream code,related-work taxonomy: kahle2017; tensor completion and low-rank estimation,no
Low-Rank Tensor Completion: A Riemannian Manifold Preconditioning Approach,https://proceedings.mlr.press/v48/kasai16.html,Publication rights retained by source; no PDF/code redistribution,2026-09-11,scholarly article,publisher or archival bibliographic record and abstract inspected; no upstream code,bibliographic landscape positioning and attributed scope comparison; no upstream code,related-work taxonomy: kasai2016; tensor completion and low-rank estimation,no
The Algebraic Combinatorial Approach for Low-Rank Matrix Completion,https://jmlr.org/papers/v16/kiraly15a.html,Publication rights retained by source; no PDF/code redistribution,2026-09-11,scholarly article,publisher or archival full text; bibliographic record and relevant model/theorem passages inspected,attributed mathematical comparison and bibliographic positioning; no upstream code,closest-work or known-result attribution: kiraly2015; matrix-completion baseline and fixed-pattern comparison,no
Orthogonal Tensor Decomposition and Orbit Closures from a Linear Algebraic Perspective,https://doi.org/10.1080/03081087.2019.1674771,Publication rights retained by source; no PDF/code redistribution,2026-09-11,scholarly article,publisher or archival full text; bibliographic record and relevant model/theorem passages inspected,attributed mathematical comparison and bibliographic positioning; no upstream code,closest-work or known-result attribution: koiran2021; CP/odeco identifiability and algebraic structure,no
Tensor Decompositions and Applications,https://doi.org/10.1137/07070111X,Publication rights retained by source; no PDF/code redistribution,2026-09-11,scholarly article,publisher or archival bibliographic record and abstract inspected; no upstream code,bibliographic landscape positioning and attributed scope comparison; no upstream code,related-work taxonomy: kolda2009; CP/odeco identifiability and algebraic structure,no
Low-Rank Tensor Completion by Riemannian Optimization,https://doi.org/10.1007/s10543-013-0455-z,Publication rights retained by source; no PDF/code redistribution,2026-09-11,scholarly article,publisher or archival bibliographic record and abstract inspected; no upstream code,bibliographic landscape positioning and attributed scope comparison; no upstream code,related-work taxonomy: kressner2014; tensor completion and low-rank estimation,no
"Three-Way Arrays: Rank and Uniqueness of Trilinear Decompositions, with Application to Arithmetic Complexity and Statistics",https://doi.org/10.1016/0024-3795(77)90069-6,Publication rights retained by source; no PDF/code redistribution,2026-09-11,scholarly article,publisher or archival bibliographic record and abstract inspected; no upstream code,bibliographic landscape positioning and attributed scope comparison; no upstream code,related-work taxonomy: kruskal1977; CP/odeco identifiability and algebraic structure,no
Tensor Factorization via Matrix Factorization,https://proceedings.mlr.press/v38/kuleshov15.html,Publication rights retained by source; no PDF/code redistribution,2026-09-11,scholarly article,publisher or archival bibliographic record and abstract inspected; no upstream code,bibliographic landscape positioning and attributed scope comparison; no upstream code,"related-work taxonomy: kuleshov2015; latent-variable moments, spectral learning, and ICA",no
A Decomposition for Three-Way Arrays,https://doi.org/10.1137/0614071,Publication rights retained by source; no PDF/code redistribution,2026-09-11,scholarly article,publisher or archival bibliographic record and abstract inspected; no upstream code,bibliographic landscape positioning and attributed scope comparison; no upstream code,related-work taxonomy: leurgans1993; CP/odeco identifiability and algebraic structure,no
Tensor Completion for Estimating Missing Values in Visual Data,https://doi.org/10.1109/TPAMI.2012.39,Publication rights retained by source; no PDF/code redistribution,2026-09-11,scholarly article,publisher or archival bibliographic record and abstract inspected; no upstream code,bibliographic landscape positioning and attributed scope comparison; no upstream code,related-work taxonomy: liu2013; tensor completion and low-rank estimation,no
A Sharp Blockwise Tensor Perturbation Bound for Orthogonal Iteration,https://jmlr.org/papers/v22/20-919.html,Publication rights retained by source; no PDF/code redistribution,2026-09-11,scholarly article,publisher or archival full text; bibliographic record and relevant model/theorem passages inspected,attributed mathematical comparison and bibliographic positioning; no upstream code,closest-work or known-result attribution: luo2021; tensor perturbation and denoising,no
"Recovering Orthogonal Tensors under Arbitrarily Strong, but Locally Correlated, Noise",https://doi.org/10.1002/nla.2479,Publication rights retained by source; no PDF/code redistribution,2026-09-11,scholarly article,publisher or archival full text; bibliographic record and relevant model/theorem passages inspected,attributed mathematical comparison and bibliographic positioning; no upstream code,closest-work or known-result attribution: mickelin2023; gross corruption and low-rank-plus-sparse recovery,no
Spectral Algorithms for Tensor Completion,https://doi.org/10.1002/cpa.21748,Publication rights retained by source; no PDF/code redistribution,2026-09-11,scholarly article,publisher or archival bibliographic record and abstract inspected; no upstream code,bibliographic landscape positioning and attributed scope comparison; no upstream code,related-work taxonomy: montanari2018; tensor completion and low-rank estimation,no
Square Deal: Lower Bounds and Improved Relaxations for Tensor Recovery,https://proceedings.mlr.press/v32/mu14.html,Publication rights retained by source; no PDF/code redistribution,2026-09-11,scholarly article,publisher or archival bibliographic record and abstract inspected; no upstream code,bibliographic landscape positioning and attributed scope comparison; no upstream code,related-work taxonomy: mu2014; tensor completion and low-rank estimation,no
Exact Tensor Completion with Sum-of-Squares,https://proceedings.mlr.press/v65/potechin17a.html,Publication rights retained by source; no PDF/code redistribution,2026-09-11,scholarly article,publisher or archival bibliographic record and abstract inspected; no upstream code,bibliographic landscape positioning and attributed scope comparison; no upstream code,related-work taxonomy: potechin2017; tensor completion and low-rank estimation,no
A Simpler Approach to Matrix Completion,https://jmlr.org/papers/v12/recht11a.html,Publication rights retained by source; no PDF/code redistribution,2026-09-11,scholarly article,publisher or archival bibliographic record and abstract inspected; no upstream code,bibliographic landscape positioning and attributed scope comparison; no upstream code,related-work taxonomy: recht2011; matrix-completion baseline and fixed-pattern comparison,no
Orthogonal Decomposition of Symmetric Tensors,https://doi.org/10.1137/140989340,Publication rights retained by source; no PDF/code redistribution,2026-09-11,scholarly article,publisher or archival full text; bibliographic record and relevant model/theorem passages inspected,attributed mathematical comparison and bibliographic positioning; no upstream code,closest-work or known-result attribution: robeva2016; CP/odeco identifiability and algebraic structure,no
Symmetric Tensor Completion from Multilinear Entries and Learning Product Mixtures over the Hypercube,https://arxiv.org/abs/1506.03137,Publication rights retained by source; no PDF/code redistribution,2026-09-11,scholarly article,publisher or archival full text; bibliographic record and relevant model/theorem passages inspected,attributed mathematical comparison and bibliographic positioning; no upstream code,closest-work or known-result attribution: schramm2015; tensor completion and low-rank estimation,no
On the Uniqueness of Multilinear Decomposition of N-Way Arrays,https://doi.org/10.1002/1099-128X(200005/06)14:3%3C229::AID-CEM587%3E3.0.CO;2-N,Publication rights retained by source; no PDF/code redistribution,2026-09-11,scholarly article,publisher or archival bibliographic record and abstract inspected; no upstream code,bibliographic landscape positioning and attributed scope comparison; no upstream code,related-work taxonomy: sidiropoulos2000; CP/odeco identifiability and algebraic structure,no
Max vs Min: Tensor Decomposition and ICA with Nearly Linear Sample Complexity,https://proceedings.mlr.press/v40/Vempala15.html,Publication rights retained by source; no PDF/code redistribution,2026-09-11,scholarly article,publisher or archival bibliographic record and abstract inspected; no upstream code,bibliographic landscape positioning and attributed scope comparison; no upstream code,"related-work taxonomy: vempala2015; latent-variable moments, spectral learning, and ICA",no
Guaranteed Nonconvex Low-Rank Tensor Estimation via Scaled Gradient Descent,https://jmlr.org/papers/v27/25-0012.html,Publication rights retained by source; no PDF/code redistribution,2026-09-11,scholarly article,publisher or archival full text; bibliographic record and relevant model/theorem passages inspected,attributed mathematical comparison and bibliographic positioning; no upstream code,closest-work or known-result attribution: tongwu2026; tensor completion and low-rank estimation,no
On Polynomial Time Methods for Exact Low-Rank Tensor Completion,https://doi.org/10.1007/s10208-018-09408-6,Publication rights retained by source; no PDF/code redistribution,2026-09-16,scholarly article,publisher record and abstract inspected; DOI and publication metadata rechecked; no upstream code,bibliographic landscape positioning and attributed scope comparison; no upstream code,related-work taxonomy: xiayuan2019; tensor completion and low-rank estimation,no
The Sup-Norm Perturbation of HOSVD and Low Rank Tensor Denoising,https://jmlr.org/papers/v20/17-397.html,Publication rights retained by source; no PDF/code redistribution,2026-09-11,scholarly article,publisher or archival full text; bibliographic record and relevant model/theorem passages inspected,attributed mathematical comparison and bibliographic positioning; no upstream code,closest-work or known-result attribution: xia2019; tensor perturbation and denoising,no
Robust PCA via Outlier Pursuit,https://doi.org/10.1109/TIT.2011.2173156,Publication rights retained by source; no PDF/code redistribution,2026-09-11,scholarly article,publisher or archival bibliographic record and abstract inspected; no upstream code,bibliographic landscape positioning and attributed scope comparison; no upstream code,related-work taxonomy: xu2012; gross corruption and low-rank-plus-sparse recovery,no
On Tensor Completion via Nuclear Norm Minimization,https://doi.org/10.1007/s10208-015-9269-5,Publication rights retained by source; no PDF/code redistribution,2026-09-11,scholarly article,publisher or archival bibliographic record and abstract inspected; no upstream code,bibliographic landscape positioning and attributed scope comparison; no upstream code,related-work taxonomy: yuan2016; tensor completion and low-rank estimation,no
Incoherent Tensor Norms and Their Applications in Higher Order Tensor Completion,https://doi.org/10.1109/TIT.2017.2724549,Publication rights retained by source; no PDF/code redistribution,2026-09-11,scholarly article,publisher or archival bibliographic record and abstract inspected; no upstream code,bibliographic landscape positioning and attributed scope comparison; no upstream code,related-work taxonomy: yuan2017; tensor completion and low-rank estimation,no
"On Spectral Learning for Odeco Tensors: Perturbation, Initialization, and Algorithms",https://doi.org/10.1137/25M1805084,Publication rights retained by source; no PDF/code redistribution,2026-09-11,scholarly article,publisher or archival full text; bibliographic record and relevant model/theorem passages inspected,attributed mathematical comparison and bibliographic positioning; no upstream code,"closest-work or known-result attribution: yuan2026; latent-variable moments, spectral learning, and ICA",no
When Are Overcomplete Topic Models Identifiable?,https://jmlr.org/papers/volume16/anandkumar15a/anandkumar15a.pdf,Publication rights retained by source; not redistributed,2026-09-11,scholarly article,full text; selected model/result/proof/visual passages,calibration only,narrative and evidence calibration: overcomplete_topics,no
Online Tensor Methods for Learning Latent Variable Models,https://jmlr.org/papers/volume16/huang15a/huang15a.pdf,Publication rights retained by source; not redistributed,2026-09-11,scholarly article,full text; selected model/result/proof/visual passages,calibration only,narrative and evidence calibration: online_tensor,no
Analyzing Tensor Power Method Dynamics in Overcomplete Regime,https://jmlr.org/papers/volume18/15-486/15-486.pdf,Publication rights retained by source; not redistributed,2026-09-11,scholarly article,full text; selected model/result/proof/visual passages,calibration only,narrative and evidence calibration: overcomplete_power,no
A Tensor Approach to Learning Mixed Membership Community Models,https://jmlr.org/papers/volume15/anandkumar14a/anandkumar14a.pdf,Publication rights retained by source; not redistributed,2026-09-11,scholarly article,full text; selected model/result/proof/visual passages,calibration only,narrative and evidence calibration: mixed_membership,no
Mode-wise Tensor Decompositions: Multi-dimensional Generalizations of CUR Decompositions,https://jmlr.org/papers/volume22/21-0287/21-0287.pdf,Publication rights retained by source; not redistributed,2026-09-11,scholarly article,full text; selected model/result/proof/visual passages,calibration only,narrative and evidence calibration: tensor_cur,no
A Random Matrix Approach to Low-Multilinear-Rank Tensor Approximation,https://jmlr.org/papers/volume26/24-0193/24-0193.pdf,Publication rights retained by source; not redistributed,2026-09-11,scholarly article,full text; selected model/result/proof/visual passages,calibration only,narrative and evidence calibration: random_matrix,no
Sharp Analysis of Power Iteration for Tensor PCA,https://jmlr.org/papers/volume25/24-0006/24-0006.pdf,Publication rights retained by source; not redistributed,2026-09-11,scholarly article,full text; selected model/result/proof/visual passages,calibration only,narrative and evidence calibration: sharp_power,no
JMLR author information,https://jmlr.org/author-info.html,official information; not redistributed,2026-09-11,venue rules,live first-party page,"contract verification, not scholarly manuscript reference",style; abstract; pages; submission prerequisites,no
JMLR style,https://github.com/JmlrOrg/jmlr-style-file,separate grant not present in supplied file; original notices retained,2026-09-11,publisher style asset,matched supplied template ZIP; source repository inspected,unchanged style in article and proof supplement,JMLR typography,no
Provable Models for Robust Low-Rank Tensor Completion,https://www.yokohamapublishers.jp/online2/oppjo/vol11/p339.html,Publication rights retained by source; no PDF/code redistribution,2026-09-12,scholarly article,publisher record and full author-hosted article inspected; no upstream code,bibliographic positioning and attributed model comparison; no source material redistributed,related-work taxonomy: huang2015; robust completion under low-rank and incoherence assumptions,no
"Efficient Orthogonal Tensor Decomposition, with an Application to Latent Variable Model Learning",https://arxiv.org/abs/1309.3233,Publication rights retained by source; no PDF/code redistribution,2026-09-12,scholarly preprint,archival abstract and full text inspected; no upstream code,bibliographic positioning and attributed algorithmic context; no source material redistributed,related-work taxonomy: kiraly2013; exact orthogonal tensor decomposition algorithm context,no
Orthogonal Tensor Decompositions,https://doi.org/10.1137/S0895479800368354,Publication rights retained by source; no PDF/code redistribution,2026-09-12,scholarly article,publisher record and abstract inspected; no upstream code,bibliographic positioning and attributed historical context; no source material redistributed,related-work taxonomy: kolda2001; foundational orthogonal tensor decomposition definitions and limitations,no
