key,authors,title,year,venue,volume_issue_pages,canonical_identifier_or_record,primary_record_checked,verification_depth,manuscript_role,rechecked_on,status,notes
agarwal2012,Alekh Agarwal and Sahand Negahban and Martin J. Wainwright,Noisy Matrix Decomposition via Convex Relaxation: Optimal Rates in High Dimensions,2012,The Annals of Statistics,40; no. 2; pp. 1171--1197,10.1214/12-AOS1000,https://doi.org/10.1214/12-AOS1000,full text / model or theorem passage,related-work taxonomy: agarwal2012; gross corruption and low-rank-plus-sparse recovery,2026-09-16,verified_with_repair,2026-09-16: restored published subtitle “Optimal Rates in High Dimensions”
allman2009,Elizabeth S. Allman and Catherine Matias and John A. Rhodes,Identifiability of Parameters in Latent Structure Models with Many Observed Variables,2009,The Annals of Statistics,37; no. 6A; pp. 3099--3132,10.1214/09-AOS689,https://doi.org/10.1214/09-AOS689,primary metadata and abstract,related-work taxonomy: allman2009; CP/odeco identifiability and algebraic structure,2026-09-16,verified,
anandkumar2012,Animashree Anandkumar and Daniel Hsu and Sham M. Kakade,A Method of Moments for Mixture Models and Hidden Markov Models,2012,Proceedings of the 25th Annual Conference on Learning Theory,23; pp. 33.1--33.34,https://proceedings.mlr.press/v23/anandkumar12.html,https://proceedings.mlr.press/v23/anandkumar12.html,primary metadata and abstract,"related-work taxonomy: anandkumar2012; latent-variable moments, spectral learning, and ICA",2026-09-16,verified,
anandkumar2014,Animashree Anandkumar and Rong Ge and Daniel Hsu and Sham M. Kakade and Matus Telgarsky,Tensor Decompositions for Learning Latent Variable Models,2014,Journal of Machine Learning Research,15; no. 80; pp. 2773--2832,https://jmlr.org/papers/v15/anandkumar14b.html,https://jmlr.org/papers/v15/anandkumar14b.html,full text / model or theorem passage,"closest-work or known-result attribution: anandkumar2014; latent-variable moments, spectral learning, and ICA",2026-09-16,verified,
anandkumar2016,Anima Anandkumar and Prateek Jain and Yang Shi and U. N. Niranjan,Tensor vs. Matrix Methods: Robust Tensor Decomposition under Block Sparse Perturbations,2016,Proceedings of the 19th International Conference on Artificial Intelligence and Statistics,51; pp. 268--276,https://proceedings.mlr.press/v51/anandkumar16.html,https://proceedings.mlr.press/v51/anandkumar16.html,full text / model or theorem passage,closest-work or known-result attribution: anandkumar2016; gross corruption and low-rank-plus-sparse recovery,2026-09-16,verified,
ardiyansyah2023,Muhammad Ardiyansyah and Luca Sodomaco,Dimensions of Higher Order Factor Analysis Models,2023,Algebraic Statistics,14; no. 1; pp. 91--108,10.2140/astat.2023.14.91,https://doi.org/10.2140/astat.2023.14.91,full text / model or theorem passage,closest-work or known-result attribution: ardiyansyah2023; higher-order factor analysis and diagonal cumulant noise,2026-09-16,verified,
arora2015,Sanjeev Arora and Rong Ge and Ankur Moitra and Sushant Sachdeva,"Provable ICA with Unknown Gaussian Noise, and Implications for Gaussian Mixtures and Autoencoders",2015,Algorithmica,72; no. 1; pp. 215--236,10.1007/s00453-015-9972-2,https://doi.org/10.1007/s00453-015-9972-2,primary metadata and abstract,"related-work taxonomy: arora2015; latent-variable moments, spectral learning, and ICA",2026-09-16,verified,
ashraphijuo2017,Morteza Ashraphijuo and Xiaodong Wang,Fundamental Conditions for Low-CP-Rank Tensor Completion,2017,Journal of Machine Learning Research,18; no. 63; pp. 1--29,https://jmlr.org/papers/v18/17-189.html,https://jmlr.org/papers/v18/17-189.html,full text / model or theorem passage,closest-work or known-result attribution: ashraphijuo2017; tensor completion and low-rank estimation,2026-09-16,verified,
auddy2023,Arnab Auddy and Ming Yuan,Perturbation Bounds for (Nearly) Orthogonally Decomposable Tensors with Statistical Applications,2023,Information and Inference: A Journal of the IMA,12; no. 2; pp. 1044--1072,10.1093/imaiai/iaac033,https://doi.org/10.1093/imaiai/iaac033,full text / model or theorem passage,closest-work or known-result attribution: auddy2023; deterministic perturbation bounds for odeco singular values and vectors,2026-09-16,verified_new,2026-09-16: added as direct algorithm-independent odeco perturbation comparison
barak2016,Boaz Barak and Ankur Moitra,Noisy Tensor Completion via the Sum-of-Squares Hierarchy,2016,Proceedings of the 29th Conference on Learning Theory,49; pp. 417--445,https://proceedings.mlr.press/v49/barak16.html,https://proceedings.mlr.press/v49/barak16.html,primary metadata and abstract,related-work taxonomy: barak2016; tensor completion and low-rank estimation,2026-09-16,verified,
belkin2013,Mikhail Belkin and Luis Rademacher and James Voss,Blind Signal Separation in the Presence of Gaussian Noise,2013,Proceedings of the 26th Annual Conference on Learning Theory,30; pp. 270--287,https://proceedings.mlr.press/v30/Belkin13.html,https://proceedings.mlr.press/v30/Belkin13.html,primary metadata and abstract,"related-work taxonomy: belkin2013; latent-variable moments, spectral learning, and ICA",2026-09-16,verified,
bhaskara2014,Aditya Bhaskara and Moses Charikar and Aravindan Vijayaraghavan,Uniqueness of Tensor Decompositions with Applications to Polynomial Identifiability,2014,Proceedings of the 27th Conference on Learning Theory,35; pp. 742--778,https://proceedings.mlr.press/v35/bhaskara14a.html,https://proceedings.mlr.press/v35/bhaskara14a.html,full text / model or theorem passage,closest-work or known-result attribution: bhaskara2014; CP/odeco identifiability and algebraic structure,2026-09-16,verified,
boralevi2017,Ada Boralevi and Jan Draisma and Emil Horobe\c{t} and Elina Robeva,Orthogonal and Unitary Tensor Decomposition from an Algebraic Perspective,2017,Israel Journal of Mathematics,222; no. 1; pp. 223--260,10.1007/s11856-017-1588-6,https://doi.org/10.1007/s11856-017-1588-6,full text / model or theorem passage,closest-work or known-result attribution: boralevi2017; CP/odeco identifiability and algebraic structure,2026-09-16,verified,
candesrecht2009,Emmanuel J. Cand\`es and Benjamin Recht,Exact Matrix Completion via Convex Optimization,2009,Foundations of Computational Mathematics,9; no. 6; pp. 717--772,10.1007/s10208-009-9045-5,https://doi.org/10.1007/s10208-009-9045-5,primary metadata and abstract,related-work taxonomy: candesrecht2009; matrix-completion baseline and fixed-pattern comparison,2026-09-16,verified,
candesplan2010,Emmanuel J. Cand\`es and Yaniv Plan,Matrix Completion With Noise,2010,Proceedings of the IEEE,98; no. 6; pp. 925--936,10.1109/JPROC.2009.2035722,https://doi.org/10.1109/JPROC.2009.2035722,primary metadata and abstract,related-work taxonomy: candesplan2010; matrix-completion baseline and fixed-pattern comparison,2026-09-16,verified,
candestao2010,Emmanuel J. Cand\`es and Terence Tao,The Power of Convex Relaxation: Near-Optimal Matrix Completion,2010,IEEE Transactions on Information Theory,56; no. 5; pp. 2053--2080,10.1109/TIT.2010.2044061,https://doi.org/10.1109/TIT.2010.2044061,primary metadata and abstract,related-work taxonomy: candestao2010; matrix-completion baseline and fixed-pattern comparison,2026-09-16,verified,
candes2011,Emmanuel J. Cand\`es and Xiaodong Li and Yi Ma and John Wright,Robust Principal Component Analysis?,2011,Journal of the ACM,58; no. 3; pp. 11:1--11:37,10.1145/1970392.1970395,https://doi.org/10.1145/1970392.1970395,primary metadata and abstract,related-work taxonomy: candes2011; gross corruption and low-rank-plus-sparse recovery,2026-09-16,verified,
chandrasekaran2011,Venkat Chandrasekaran and Sujay Sanghavi and Pablo A. Parrilo and Alan S. Willsky,Rank-Sparsity Incoherence for Matrix Decomposition,2011,SIAM Journal on Optimization,21; no. 2; pp. 572--596,10.1137/090761793,https://doi.org/10.1137/090761793,primary metadata and abstract,related-work taxonomy: chandrasekaran2011; gross corruption and low-rank-plus-sparse recovery,2026-09-16,verified,
chen2013,Yudong Chen and Ali Jalali and Sujay Sanghavi and Constantine Caramanis,Low-Rank Matrix Recovery from Errors and Erasures,2013,IEEE Transactions on Information Theory,59; no. 7; pp. 4324--4337,10.1109/TIT.2013.2249572,https://doi.org/10.1109/TIT.2013.2249572,primary metadata and abstract,related-work taxonomy: chen2013; gross corruption and low-rank-plus-sparse recovery,2026-09-16,verified,
chiantini2012,Luca Chiantini and Giorgio Ottaviani,On Generic Identifiability of 3-Tensors of Small Rank,2012,SIAM Journal on Matrix Analysis and Applications,33; no. 3; pp. 1018--1037,10.1137/110829180,https://doi.org/10.1137/110829180,primary metadata and abstract,related-work taxonomy: chiantini2012; CP/odeco identifiability and algebraic structure,2026-09-16,verified,
chiantini2014,Luca Chiantini and Giorgio Ottaviani and Nick Vannieuwenhoven,An Algorithm for Generic and Low-Rank Specific Identifiability of Complex Tensors,2014,SIAM Journal on Matrix Analysis and Applications,35; no. 4; pp. 1265--1287,10.1137/140961389,https://doi.org/10.1137/140961389,primary metadata and abstract,related-work taxonomy: chiantini2014; CP/odeco identifiability and algebraic structure,2026-09-16,verified,
chiantini2017,Luca Chiantini and Giorgio Ottaviani and Nick Vannieuwenhoven,Effective Criteria for Specific Identifiability of Tensors and Forms,2017,SIAM Journal on Matrix Analysis and Applications,38; no. 2; pp. 656--681,10.1137/16M1090132,https://doi.org/10.1137/16M1090132,primary metadata and abstract,related-work taxonomy: chiantini2017; CP/odeco identifiability and algebraic structure,2026-09-16,verified,
comon1994,Pierre Comon,"Independent Component Analysis, a New Concept?",1994,Signal Processing,36; no. 3; pp. 287--314,10.1016/0165-1684(94)90029-9,https://doi.org/10.1016/0165-1684(94)90029-9,primary metadata and abstract,"related-work taxonomy: comon1994; latent-variable moments, spectral learning, and ICA",2026-09-16,verified,
comon2008,Pierre Comon and Gene Golub and Lek-Heng Lim and Bernard Mourrain,Symmetric Tensors and Symmetric Tensor Rank,2008,SIAM Journal on Matrix Analysis and Applications,30; no. 3; pp. 1254--1279,10.1137/060661569,https://doi.org/10.1137/060661569,primary metadata and abstract,related-work taxonomy: comon2008; CP/odeco identifiability and algebraic structure,2026-09-16,verified,
delathauwer2006,Lieven De Lathauwer,A Link between the Canonical Decomposition in Multilinear Algebra and Simultaneous Matrix Diagonalization,2006,SIAM Journal on Matrix Analysis and Applications,28; no. 3; pp. 642--666,10.1137/040608830,https://doi.org/10.1137/040608830,primary metadata and abstract,related-work taxonomy: delathauwer2006; CP/odeco identifiability and algebraic structure,2026-09-16,verified,
domanov2013a,Ignat Domanov and Lieven De Lathauwer,On the Uniqueness of the Canonical Polyadic Decomposition of Third-Order Tensors---Part I: Basic Results and Uniqueness of One Factor Matrix,2013,SIAM Journal on Matrix Analysis and Applications,34; no. 3; pp. 855--875,10.1137/120877234,https://doi.org/10.1137/120877234,primary metadata and abstract,related-work taxonomy: domanov2013a; CP/odeco identifiability and algebraic structure,2026-09-16,verified,
domanov2013b,Ignat Domanov and Lieven De Lathauwer,On the Uniqueness of the Canonical Polyadic Decomposition of Third-Order Tensors---Part II: Uniqueness of the Overall Decomposition,2013,SIAM Journal on Matrix Analysis and Applications,34; no. 3; pp. 876--903,10.1137/120877258,https://doi.org/10.1137/120877258,primary metadata and abstract,related-work taxonomy: domanov2013b; CP/odeco identifiability and algebraic structure,2026-09-16,verified,
gandy2011,Silvia Gandy and Benjamin Recht and Isao Yamada,Tensor Completion and Low-$n$-Rank Tensor Recovery via Convex Optimization,2011,Inverse Problems,27; no. 2; pp. 025010,10.1088/0266-5611/27/2/025010,https://doi.org/10.1088/0266-5611/27/2/025010,primary metadata and abstract,related-work taxonomy: gandy2011; tensor completion and low-rank estimation,2026-09-16,verified,
goldfarb2014,Donald Goldfarb and Zhiwei Qin,Robust Low-Rank Tensor Recovery: Models and Algorithms,2014,SIAM Journal on Matrix Analysis and Applications,35; no. 1; pp. 225--253,10.1137/130905010,https://doi.org/10.1137/130905010,primary metadata and abstract,related-work taxonomy: goldfarb2014; gross corruption and low-rank-plus-sparse recovery,2026-09-16,verified,
haselby2024,Cullen Haselby and Mark Iwen and Santhosh Karnik and Rongrong Wang,Tensor Deli: Tensor Completion for Low CP-Rank Tensors via Random Sampling,2024,arXiv preprint arXiv:2403.09932,,https://arxiv.org/abs/2403.09932,https://arxiv.org/abs/2403.09932,full text / model or theorem passage,closest-work or known-result attribution: haselby2024; tensor completion and low-rank estimation,2026-09-16,verified,
hsu2012,Daniel Hsu and Sham M. Kakade and Tong Zhang,A Spectral Algorithm for Learning Hidden Markov Models,2012,Journal of Computer and System Sciences,78; no. 5; pp. 1460--1480,10.1016/j.jcss.2011.12.025,https://doi.org/10.1016/j.jcss.2011.12.025,primary metadata and abstract,"related-work taxonomy: hsu2012; latent-variable moments, spectral learning, and ICA",2026-09-16,verified,
hsukakade2013,Daniel Hsu and Sham M. Kakade,Learning Mixtures of Spherical Gaussians: Moment Methods and Spectral Decompositions,2013,Proceedings of the 4th Innovations in Theoretical Computer Science Conference,pp. 11--20,10.1145/2422436.2422439,https://doi.org/10.1145/2422436.2422439,primary metadata and abstract,"related-work taxonomy: hsukakade2013; latent-variable moments, spectral learning, and ICA",2026-09-16,verified,
huang2015,Bo Huang and Cun Mu and Donald Goldfarb and John Wright,Provable Models for Robust Low-Rank Tensor Completion,2015,Pacific Journal of Optimization,11; no. 2; pp. 339--364,https://www.yokohamapublishers.jp/online2/oppjo/vol11/p339.html,https://www.yokohamapublishers.jp/online2/oppjo/vol11/p339.html,primary metadata and abstract,related-work taxonomy: huang2015; robust completion under low-rank and incoherence assumptions,2026-09-16,verified,
jain2014,Prateek Jain and Sewoong Oh,Provable Tensor Factorization with Missing Data,2014,Advances in Neural Information Processing Systems 27,pp. 1431--1439,https://proceedings.neurips.cc/paper/2014/hash/81e5f81db77c596492e6f1a5a792ed53-Abstract.html,https://proceedings.neurips.cc/paper/2014/hash/81e5f81db77c596492e6f1a5a792ed53-Abstract.html,primary metadata and abstract,related-work taxonomy: jain2014; tensor completion and low-rank estimation,2026-09-16,verified,
janzamin2019,Majid Janzamin and Rong Ge and Jean Kossaifi and Anima Anandkumar,Spectral Learning on Matrices and Tensors,2019,Foundations and Trends in Machine Learning,12; no. 5--6; pp. 393--536,10.1561/2200000057,https://doi.org/10.1561/2200000057,primary metadata and abstract,"related-work taxonomy: janzamin2019; latent-variable moments, spectral learning, and ICA",2026-09-16,verified,
kahle2017,Thomas Kahle and Kaie Kubjas and Mario Kummer and Zvi Rosen,The Geometry of Rank-One Tensor Completion,2017,SIAM Journal on Applied Algebra and Geometry,1; no. 1; pp. 200--221,10.1137/16M1074102,https://doi.org/10.1137/16M1074102,primary metadata and abstract,related-work taxonomy: kahle2017; tensor completion and low-rank estimation,2026-09-16,verified,
kasai2016,Hiroyuki Kasai and Bamdev Mishra,Low-Rank Tensor Completion: A Riemannian Manifold Preconditioning Approach,2016,Proceedings of the 33rd International Conference on Machine Learning,48; pp. 1012--1021,https://proceedings.mlr.press/v48/kasai16.html,https://proceedings.mlr.press/v48/kasai16.html,primary metadata and abstract,related-work taxonomy: kasai2016; tensor completion and low-rank estimation,2026-09-16,verified,
kiraly2013,Franz J. Kir\'aly,"Efficient Orthogonal Tensor Decomposition, with an Application to Latent Variable Model Learning",2013,arXiv preprint arXiv:1309.3233,,https://arxiv.org/abs/1309.3233,https://arxiv.org/abs/1309.3233,full text / model or theorem passage,related-work taxonomy: kiraly2013; exact orthogonal tensor decomposition algorithm context,2026-09-16,verified,
kiraly2015,Franz J. Kir\'aly and Louis Theran and Ryota Tomioka,The Algebraic Combinatorial Approach for Low-Rank Matrix Completion,2015,Journal of Machine Learning Research,16; no. 41; pp. 1391--1436,https://jmlr.org/papers/v16/kiraly15a.html,https://jmlr.org/papers/v16/kiraly15a.html,full text / model or theorem passage,closest-work or known-result attribution: kiraly2015; matrix-completion baseline and fixed-pattern comparison,2026-09-16,verified,
koiran2021,Pascal Koiran,Orthogonal Tensor Decomposition and Orbit Closures from a Linear Algebraic Perspective,2021,Linear and Multilinear Algebra,69; no. 13; pp. 2353--2388,10.1080/03081087.2019.1674771,https://www.tandfonline.com/doi/abs/10.1080/03081087.2019.1674771,publisher metadata and author-preprint theorem passage,closest-work or known-result attribution: koiran2021; CP/odeco identifiability and algebraic structure,2026-10-06,verified_with_repair,Publisher record gives issue 13; Theorem 20 and its proof inspected in author preprint arXiv:1905.05094; published full-text numbering not independently checked
kolda2001,Tamara G. Kolda,Orthogonal Tensor Decompositions,2001,SIAM Journal on Matrix Analysis and Applications,23; no. 1; pp. 243--255,10.1137/S0895479800368354,https://doi.org/10.1137/S0895479800368354,primary metadata and abstract,related-work taxonomy: kolda2001; foundational orthogonal tensor decomposition definitions and limitations,2026-09-16,verified,
kolda2009,Tamara G. Kolda and Brett W. Bader,Tensor Decompositions and Applications,2009,SIAM Review,51; no. 3; pp. 455--500,10.1137/07070111X,https://doi.org/10.1137/07070111X,primary metadata and abstract,related-work taxonomy: kolda2009; CP/odeco identifiability and algebraic structure,2026-09-16,verified,
kressner2014,Daniel Kressner and Michael Steinlechner and Bart Vandereycken,Low-Rank Tensor Completion by Riemannian Optimization,2014,BIT Numerical Mathematics,54; no. 2; pp. 447--468,10.1007/s10543-013-0455-z,https://doi.org/10.1007/s10543-013-0455-z,primary metadata and abstract,related-work taxonomy: kressner2014; tensor completion and low-rank estimation,2026-09-16,verified,
kruskal1977,Joseph B. Kruskal,"Three-Way Arrays: Rank and Uniqueness of Trilinear Decompositions, with Application to Arithmetic Complexity and Statistics",1977,Linear Algebra and its Applications,18; no. 2; pp. 95--138,10.1016/0024-3795(77)90069-6,https://doi.org/10.1016/0024-3795(77)90069-6,primary metadata and abstract,related-work taxonomy: kruskal1977; CP/odeco identifiability and algebraic structure,2026-09-16,verified,
kuleshov2015,Volodymyr Kuleshov and Arun Tejasvi Chaganty and Percy Liang,Tensor Factorization via Matrix Factorization,2015,Proceedings of the 18th International Conference on Artificial Intelligence and Statistics,38; pp. 507--516,https://proceedings.mlr.press/v38/kuleshov15.html,https://proceedings.mlr.press/v38/kuleshov15.html,primary metadata and abstract,"related-work taxonomy: kuleshov2015; latent-variable moments, spectral learning, and ICA",2026-09-16,verified,
leurgans1993,Susan E. Leurgans and Robert T. Ross and Richard B. Abel,A Decomposition for Three-Way Arrays,1993,SIAM Journal on Matrix Analysis and Applications,14; no. 4; pp. 1064--1083,10.1137/0614071,https://doi.org/10.1137/0614071,primary metadata and abstract,related-work taxonomy: leurgans1993; CP/odeco identifiability and algebraic structure,2026-09-16,verified,
liu2013,Ji Liu and Przemyslaw Musialski and Peter Wonka and Jieping Ye,Tensor Completion for Estimating Missing Values in Visual Data,2013,IEEE Transactions on Pattern Analysis and Machine Intelligence,35; no. 1; pp. 208--220,10.1109/TPAMI.2012.39,https://doi.org/10.1109/TPAMI.2012.39,primary metadata and abstract,related-work taxonomy: liu2013; tensor completion and low-rank estimation,2026-09-16,verified,
luo2021,Yuetian Luo and Garvesh Raskutti and Ming Yuan and Anru R. Zhang,A Sharp Blockwise Tensor Perturbation Bound for Orthogonal Iteration,2021,Journal of Machine Learning Research,22; no. 179; pp. 1--48,https://jmlr.org/papers/v22/20-919.html,https://jmlr.org/papers/v22/20-919.html,full text / model or theorem passage,closest-work or known-result attribution: luo2021; tensor perturbation and denoising,2026-09-16,verified,
mickelin2023,Oscar Mickelin and Sertac Karaman,"Recovering Orthogonal Tensors under Arbitrarily Strong, but Locally Correlated, Noise",2023,Numerical Linear Algebra with Applications,30; no. 4; pp. e2479,10.1002/nla.2479,https://doi.org/10.1002/nla.2479,full text / model or theorem passage,closest-work or known-result attribution: mickelin2023; gross corruption and low-rank-plus-sparse recovery,2026-09-16,verified,
montanari2018,Andrea Montanari and Nike Sun,Spectral Algorithms for Tensor Completion,2018,Communications on Pure and Applied Mathematics,71; no. 11; pp. 2381--2425,10.1002/cpa.21748,https://doi.org/10.1002/cpa.21748,primary metadata and abstract,related-work taxonomy: montanari2018; tensor completion and low-rank estimation,2026-09-16,verified,
mu2014,Cun Mu and Bo Huang and John Wright and Donald Goldfarb,Square Deal: Lower Bounds and Improved Relaxations for Tensor Recovery,2014,Proceedings of the 31st International Conference on Machine Learning,32; pp. 73--81,https://proceedings.mlr.press/v32/mu14.html,https://proceedings.mlr.press/v32/mu14.html,primary metadata and abstract,related-work taxonomy: mu2014; tensor completion and low-rank estimation,2026-09-16,verified,
potechin2017,Aaron Potechin and David Steurer,Exact Tensor Completion with Sum-of-Squares,2017,Proceedings of the 30th Annual Conference on Learning Theory,65; pp. 1619--1673,https://proceedings.mlr.press/v65/potechin17a.html,https://proceedings.mlr.press/v65/potechin17a.html,primary metadata and abstract,related-work taxonomy: potechin2017; tensor completion and low-rank estimation,2026-09-16,verified,
recht2011,Benjamin Recht,A Simpler Approach to Matrix Completion,2011,Journal of Machine Learning Research,12; no. 104; pp. 3413--3430,https://jmlr.org/papers/v12/recht11a.html,https://jmlr.org/papers/v12/recht11a.html,primary metadata and abstract,related-work taxonomy: recht2011; matrix-completion baseline and fixed-pattern comparison,2026-09-16,verified,
robeva2016,Elina Robeva,Orthogonal Decomposition of Symmetric Tensors,2016,SIAM Journal on Matrix Analysis and Applications,37; no. 1; pp. 86--102,10.1137/140989340,https://doi.org/10.1137/140989340,full text / model or theorem passage,closest-work or known-result attribution: robeva2016; CP/odeco identifiability and algebraic structure,2026-09-16,verified,
schramm2015,Tselil Schramm and Benjamin Weitz,Symmetric Tensor Completion from Multilinear Entries and Learning Product Mixtures over the Hypercube,2015,arXiv preprint arXiv:1506.03137,,https://arxiv.org/abs/1506.03137,https://arxiv.org/abs/1506.03137,full text / model or theorem passage,closest-work or known-result attribution: schramm2015; tensor completion and low-rank estimation,2026-09-16,verified,
sidiropoulos2000,Nicholas D. Sidiropoulos and Rasmus Bro,On the Uniqueness of Multilinear Decomposition of N-Way Arrays,2000,Journal of Chemometrics,14; no. 3; pp. 229--239,10.1002/1099-128X(200005/06)14:3<229::AID-CEM587>3.0.CO;2-N,https://doi.org/10.1002/1099-128X(200005/06)14:3%3C229::AID-CEM587%3E3.0.CO;2-N,primary metadata and abstract,related-work taxonomy: sidiropoulos2000; CP/odeco identifiability and algebraic structure,2026-09-16,verified,
vempala2015,Santosh S. Vempala and Ying Xiao,Max vs Min: Tensor Decomposition and ICA with Nearly Linear Sample Complexity,2015,Proceedings of the 28th Conference on Learning Theory,40; pp. 1710--1723,https://proceedings.mlr.press/v40/Vempala15.html,https://proceedings.mlr.press/v40/Vempala15.html,primary metadata and abstract,"related-work taxonomy: vempala2015; latent-variable moments, spectral learning, and ICA",2026-09-16,verified,
tongwu2026,Tong Wu,Guaranteed Nonconvex Low-Rank Tensor Estimation via Scaled Gradient Descent,2026,Journal of Machine Learning Research,27; no. 9; pp. 1--90,https://jmlr.org/papers/v27/25-0012.html,https://jmlr.org/papers/v27/25-0012.html,full text / model or theorem passage,closest-work or known-result attribution: tongwu2026; tensor completion and low-rank estimation,2026-09-16,verified,
xiayuan2019,Dong Xia and Ming Yuan,On Polynomial Time Methods for Exact Low-Rank Tensor Completion,2019,Foundations of Computational Mathematics,19; no. 6; pp. 1265--1313,10.1007/s10208-018-09408-6,https://doi.org/10.1007/s10208-018-09408-6,primary metadata and abstract,related-work taxonomy: xiayuan2019; tensor completion and low-rank estimation,2026-09-16,verified_with_repair,2026-09-16: corrected DOI to 10.1007/s10208-018-09408-6
xia2019,Dong Xia and Fan Zhou,The Sup-Norm Perturbation of HOSVD and Low Rank Tensor Denoising,2019,Journal of Machine Learning Research,20; no. 61; pp. 1--42,https://jmlr.org/papers/v20/17-397.html,https://jmlr.org/papers/v20/17-397.html,full text / model or theorem passage,closest-work or known-result attribution: xia2019; tensor perturbation and denoising,2026-09-16,verified,
xu2012,Huan Xu and Constantine Caramanis and Sujay Sanghavi,Robust PCA via Outlier Pursuit,2012,IEEE Transactions on Information Theory,58; no. 5; pp. 3047--3064,10.1109/TIT.2011.2173156,https://doi.org/10.1109/TIT.2011.2173156,primary metadata and abstract,related-work taxonomy: xu2012; gross corruption and low-rank-plus-sparse recovery,2026-09-16,verified,
yuan2016,Ming Yuan and Cun-Hui Zhang,On Tensor Completion via Nuclear Norm Minimization,2016,Foundations of Computational Mathematics,16; no. 4; pp. 1031--1068,10.1007/s10208-015-9269-5,https://doi.org/10.1007/s10208-015-9269-5,primary metadata and abstract,related-work taxonomy: yuan2016; tensor completion and low-rank estimation,2026-09-16,verified,
yuan2017,Ming Yuan and Cun-Hui Zhang,Incoherent Tensor Norms and Their Applications in Higher Order Tensor Completion,2017,IEEE Transactions on Information Theory,63; no. 10; pp. 6753--6766,10.1109/TIT.2017.2724549,https://doi.org/10.1109/TIT.2017.2724549,primary metadata and abstract,related-work taxonomy: yuan2017; tensor completion and low-rank estimation,2026-09-16,verified,
yuan2026,Ming Yuan,"On Spectral Learning for Odeco Tensors: Perturbation, Initialization, and Algorithms",2026,"Proceedings of the International Congress of Mathematicians 2026, Volume 7",pp. 463--482,10.1137/25M1805084,https://doi.org/10.1137/25M1805084,full text / model or theorem passage,"closest-work or known-result attribution: yuan2026; latent-variable moments, spectral learning, and ICA",2026-09-16,verified,
