case,n,s,noise_exponent,amplitude,selected_support,delta,epsilon,gamma,error_squared,diagonal_radius,tensor_radius,verified,same_as_unit_amplitude
noise-3-1-10-1,3,1,10,1,0,2130640379/274877906944,2630119585/1099511627776,30180884035/68719476736,77948392985555157868524471877237787/24456834738339347477205753845506867462144,95012270425/474371583044,110193463985/549755813888,True,True
noise-3-1-10-1024,3,1,10,1024,0,2130640379/274877906944,2630119585/1099511627776,30180884035/68719476736,77948392985555157868524471877237787/24456834738339347477205753845506867462144,95012270425/474371583044,110193463985/549755813888,True,True
noise-3-1-10-1048576,3,1,10,1048576,0,2130640379/274877906944,2630119585/1099511627776,30180884035/68719476736,77948392985555157868524471877237787/24456834738339347477205753845506867462144,95012270425/474371583044,110193463985/549755813888,True,True
noise-3-1-10-1099511627776,3,1,10,1099511627776,0,2130640379/274877906944,2630119585/1099511627776,30180884035/68719476736,77948392985555157868524471877237787/24456834738339347477205753845506867462144,95012270425/474371583044,110193463985/549755813888,True,True
noise-3-1-14-1,3,1,14,1,0,532660095/1099511627776,164382475/1099511627776,483668586127/1099511627776,23014345318510936361424599210343055071516686136347/1770980068603665649737726052174287286768145163364077666304,2966940355/241567963016,13514714835/1099511627776,True,True
noise-3-1-14-1024,3,1,14,1024,0,532660095/1099511627776,164382475/1099511627776,483668586127/1099511627776,23014345318510936361424599210343055071516686136347/1770980068603665649737726052174287286768145163364077666304,2966940355/241567963016,13514714835/1099511627776,True,True
noise-3-1-14-1048576,3,1,14,1048576,0,532660095/1099511627776,164382475/1099511627776,483668586127/1099511627776,23014345318510936361424599210343055071516686136347/1770980068603665649737726052174287286768145163364077666304,2966940355/241567963016,13514714835/1099511627776,True,True
noise-3-1-14-1099511627776,3,1,14,1099511627776,0,532660095/1099511627776,164382475/1099511627776,483668586127/1099511627776,23014345318510936361424599210343055071516686136347/1770980068603665649737726052174287286768145163364077666304,2966940355/241567963016,13514714835/1099511627776,True,True
noise-3-1-18-1,3,1,18,1,0,4161407/137438953472,10273905/1099511627776,483717370551/1099511627776,6497175241050384787453058535775115648849841425671373122379002907/127652065203899636241921709171652455949279227223010596549415291986812862464,74170080/96736815859,843674969/1099511627776,True,True
noise-3-1-18-1024,3,1,18,1024,0,4161407/137438953472,10273905/1099511627776,483717370551/1099511627776,6497175241050384787453058535775115648849841425671373122379002907/127652065203899636241921709171652455949279227223010596549415291986812862464,74170080/96736815859,843674969/1099511627776,True,True
noise-3-1-18-1048576,3,1,18,1048576,0,4161407/137438953472,10273905/1099511627776,483717370551/1099511627776,6497175241050384787453058535775115648849841425671373122379002907/127652065203899636241921709171652455949279227223010596549415291986812862464,74170080/96736815859,843674969/1099511627776,True,True
noise-3-1-18-1099511627776,3,1,18,1099511627776,0,4161407/137438953472,10273905/1099511627776,483717370551/1099511627776,6497175241050384787453058535775115648849841425671373122379002907/127652065203899636241921709171652455949279227223010596549415291986812862464,74170080/96736815859,843674969/1099511627776,True,True
noise-5-1-10-1,5,1,10,1,0,9298876967/549755813888,111287461/34359738368,275939928745/549755813888,1577943955027809620158815522164354810707464452397548323035409582821403/45417192823983972968896498984090651927160273235759831018884192940348407808,158568793391/266641051778,327066554793/549755813888,True,True
noise-5-1-10-1024,5,1,10,1024,0,9298876967/549755813888,111287461/34359738368,275939928745/549755813888,1577943955027809620158815522164354810707464452397548323035409582821403/45417192823983972968896498984090651927160273235759831018884192940348407808,158568793391/266641051778,327066554793/549755813888,True,True
noise-5-1-10-1048576,5,1,10,1048576,0,9298876967/549755813888,111287461/34359738368,275939928745/549755813888,1577943955027809620158815522164354810707464452397548323035409582821403/45417192823983972968896498984090651927160273235759831018884192940348407808,158568793391/266641051778,327066554793/549755813888,True,True
noise-5-1-10-1099511627776,5,1,10,1099511627776,0,9298876967/549755813888,111287461/34359738368,275939928745/549755813888,1577943955027809620158815522164354810707464452397548323035409582821403/45417192823983972968896498984090651927160273235759831018884192940348407808,158568793391/266641051778,327066554793/549755813888,True,True
noise-5-1-14-1,5,1,14,1,0,1162359621/1099511627776,111287461/549755813888,68967786143/137438953472,1862488875023168768274828075551269008911052513524679901859128399900928199901412443950410519323/14044597415950636131018932713750363154869269520511177214546289844873284848543326163280419620376281088,19804601058/550579929523,19783495761/549755813888,True,True
noise-5-1-14-1024,5,1,14,1024,0,1162359621/1099511627776,111287461/549755813888,68967786143/137438953472,1862488875023168768274828075551269008911052513524679901859128399900928199901412443950410519323/14044597415950636131018932713750363154869269520511177214546289844873284848543326163280419620376281088,19804601058/550579929523,19783495761/549755813888,True,True
noise-5-1-14-1048576,5,1,14,1048576,0,1162359621/1099511627776,111287461/549755813888,68967786143/137438953472,1862488875023168768274828075551269008911052513524679901859128399900928199901412443950410519323/14044597415950636131018932713750363154869269520511177214546289844873284848543326163280419620376281088,19804601058/550579929523,19783495761/549755813888,True,True
noise-5-1-14-1099511627776,5,1,14,1099511627776,0,1162359621/1099511627776,111287461/549755813888,68967786143/137438953472,1862488875023168768274828075551269008911052513524679901859128399900928199901412443950410519323/14044597415950636131018932713750363154869269520511177214546289844873284848543326163280419620376281088,19804601058/550579929523,19783495761/549755813888,True,True
noise-5-1-18-1,5,1,18,1,0,72647477/1099511627776,13910933/1099511627776,275867339777/549755813888,2248298031716286282127818937674929168675236561141049152983637375924738366412885330698778262168052836473712042123625243/4346426981863856520528117639896472852875854811978856515453224904582734325416653566376647508502254659892766145697345357131808768,1237723079/551662032077,308495243/137438953472,True,True
noise-5-1-18-1024,5,1,18,1024,0,72647477/1099511627776,13910933/1099511627776,275867339777/549755813888,2248298031716286282127818937674929168675236561141049152983637375924738366412885330698778262168052836473712042123625243/4346426981863856520528117639896472852875854811978856515453224904582734325416653566376647508502254659892766145697345357131808768,1237723079/551662032077,308495243/137438953472,True,True
noise-5-1-18-1048576,5,1,18,1048576,0,72647477/1099511627776,13910933/1099511627776,275867339777/549755813888,2248298031716286282127818937674929168675236561141049152983637375924738366412885330698778262168052836473712042123625243/4346426981863856520528117639896472852875854811978856515453224904582734325416653566376647508502254659892766145697345357131808768,1237723079/551662032077,308495243/137438953472,True,True
noise-5-1-18-1099511627776,5,1,18,1099511627776,0,72647477/1099511627776,13910933/1099511627776,275867339777/549755813888,2248298031716286282127818937674929168675236561141049152983637375924738366412885330698778262168052836473712042123625243/4346426981863856520528117639896472852875854811978856515453224904582734325416653566376647508502254659892766145697345357131808768,1237723079/551662032077,308495243/137438953472,True,True
noise-7-2-10-1,7,2,10,1,0;1,13917284677/549755813888,111287461/34359738368,425110334431/1099511627776,81235447947105886405393621247940113641641174119777256423126345212230457968150597551327991302580219543/2143265163119717592771327049562236966590661775407637873259015244229066976098311485457853008318492516024320,583189840929/397275765077,807146331321/549755813888,True,True
noise-7-2-10-1024,7,2,10,1024,0;1,13917284677/549755813888,111287461/34359738368,425110334431/1099511627776,81235447947105886405393621247940113641641174119777256423126345212230457968150597551327991302580219543/2143265163119717592771327049562236966590661775407637873259015244229066976098311485457853008318492516024320,583189840929/397275765077,807146331321/549755813888,True,True
noise-7-2-10-1048576,7,2,10,1048576,0;1,13917284677/549755813888,111287461/34359738368,425110334431/1099511627776,81235447947105886405393621247940113641641174119777256423126345212230457968150597551327991302580219543/2143265163119717592771327049562236966590661775407637873259015244229066976098311485457853008318492516024320,583189840929/397275765077,807146331321/549755813888,True,True
noise-7-2-10-1099511627776,7,2,10,1099511627776,0;1,13917284677/549755813888,111287461/34359738368,425110334431/1099511627776,81235447947105886405393621247940113641641174119777256423126345212230457968150597551327991302580219543/2143265163119717592771327049562236966590661775407637873259015244229066976098311485457853008318492516024320,583189840929/397275765077,807146331321/549755813888,True,True
noise-7-2-14-1,7,2,14,1,0;1,1739660585/1099511627776,111287461/549755813888,106336789361/274877906944,432813275604514006157424591911980773881524133414923517748771643204571030463354194110824013223906807234905108077788580644329007642357743/2843429340557972892007925395626748049341522697431901034572623737987404579692596021750506846510504891182522670975482187237228926794985289809920,36411078709/423607496859,47262131445/549755813888,True,True
noise-7-2-14-1024,7,2,14,1024,0;1,1739660585/1099511627776,111287461/549755813888,106336789361/274877906944,432813275604514006157424591911980773881524133414923517748771643204571030463354194110824013223906807234905108077788580644329007642357743/2843429340557972892007925395626748049341522697431901034572623737987404579692596021750506846510504891182522670975482187237228926794985289809920,36411078709/423607496859,47262131445/549755813888,True,True
noise-7-2-14-1048576,7,2,14,1048576,0;1,1739660585/1099511627776,111287461/549755813888,106336789361/274877906944,432813275604514006157424591911980773881524133414923517748771643204571030463354194110824013223906807234905108077788580644329007642357743/2843429340557972892007925395626748049341522697431901034572623737987404579692596021750506846510504891182522670975482187237228926794985289809920,36411078709/423607496859,47262131445/549755813888,True,True
noise-7-2-14-1099511627776,7,2,14,1099511627776,0;1,1739660585/1099511627776,111287461/549755813888,106336789361/274877906944,432813275604514006157424591911980773881524133414923517748771643204571030463354194110824013223906807234905108077788580644329007642357743/2843429340557972892007925395626748049341522697431901034572623737987404579692596021750506846510504891182522670975482187237228926794985289809920,36411078709/423607496859,47262131445/549755813888,True,True
noise-7-2-18-1,7,2,18,1,0;1,108728787/1099511627776,13910933/1099511627776,212682222055/549755813888,2251040810600971510239690226546443137888824125112134318536446094528201749868250750002649001547956901718551281763072146164938783150163786851718947682414614148469188297583/3779237893481241228080814588047443836057495280323045098859010749196972962154360826452998444232748668712741460472246511914023405062444822266097433882422234720750457934306628075520,2275542727/425255715323,5884489741/1099511627776,True,True
noise-7-2-18-1024,7,2,18,1024,0;1,108728787/1099511627776,13910933/1099511627776,212682222055/549755813888,2251040810600971510239690226546443137888824125112134318536446094528201749868250750002649001547956901718551281763072146164938783150163786851718947682414614148469188297583/3779237893481241228080814588047443836057495280323045098859010749196972962154360826452998444232748668712741460472246511914023405062444822266097433882422234720750457934306628075520,2275542727/425255715323,5884489741/1099511627776,True,True
noise-7-2-18-1048576,7,2,18,1048576,0;1,108728787/1099511627776,13910933/1099511627776,212682222055/549755813888,2251040810600971510239690226546443137888824125112134318536446094528201749868250750002649001547956901718551281763072146164938783150163786851718947682414614148469188297583/3779237893481241228080814588047443836057495280323045098859010749196972962154360826452998444232748668712741460472246511914023405062444822266097433882422234720750457934306628075520,2275542727/425255715323,5884489741/1099511627776,True,True
noise-7-2-18-1099511627776,7,2,18,1099511627776,0;1,108728787/1099511627776,13910933/1099511627776,212682222055/549755813888,2251040810600971510239690226546443137888824125112134318536446094528201749868250750002649001547956901718551281763072146164938783150163786851718947682414614148469188297583/3779237893481241228080814588047443836057495280323045098859010749196972962154360826452998444232748668712741460472246511914023405062444822266097433882422234720750457934306628075520,2275542727/425255715323,5884489741/1099511627776,True,True
